workload	pair	order	language	iterations	seconds	fold
full-state	0	0	cpp	65536	0.371380208	0272e4cafbe00e8a
full-state	0	1	rust	65536	0.368051541	0272e4cafbe00e8a
full-state	1	0	rust	65536	0.374388375	0272e4cafbe00e8a
full-state	1	1	cpp	65536	0.372837208	0272e4cafbe00e8a
full-state	2	0	cpp	65536	0.371339416	0272e4cafbe00e8a
full-state	2	1	rust	65536	0.367779584	0272e4cafbe00e8a
full-state	3	0	rust	65536	0.367910208	0272e4cafbe00e8a
full-state	3	1	cpp	65536	0.371770292	0272e4cafbe00e8a
full-state	4	0	cpp	65536	0.372803292	0272e4cafbe00e8a
full-state	4	1	rust	65536	0.369661291	0272e4cafbe00e8a
full-state	5	0	rust	65536	0.371668709	0272e4cafbe00e8a
full-state	5	1	cpp	65536	0.372462167	0272e4cafbe00e8a
postincrement	0	0	rust	65536	0.368678	99e1311b97f6421c
postincrement	0	1	cpp	65536	0.370597542	99e1311b97f6421c
postincrement	1	0	cpp	65536	0.384908542	99e1311b97f6421c
postincrement	1	1	rust	65536	0.412168167	99e1311b97f6421c
postincrement	2	0	rust	65536	0.376615542	99e1311b97f6421c
postincrement	2	1	cpp	65536	0.371712792	99e1311b97f6421c
postincrement	3	0	cpp	65536	0.37294675	99e1311b97f6421c
postincrement	3	1	rust	65536	0.368183875	99e1311b97f6421c
postincrement	4	0	rust	65536	0.367797916	99e1311b97f6421c
postincrement	4	1	cpp	65536	0.37087225	99e1311b97f6421c
postincrement	5	0	cpp	65536	0.371006417	99e1311b97f6421c
postincrement	5	1	rust	65536	0.368561208	99e1311b97f6421c
